City_ID,City,Country,Lat,Lng,Max Temp,Humidity,Cloudiness,Wind Speed,Description
0,Sisimiut,GL,66.9395,-53.6735,31.42,84,100,33.8,snow
1,Tasiilaq,GL,65.6145,-37.6368,21.36,61,100,3.02,overcast clouds
2,Lawton,US,34.6087,-98.3903,64.87,32,1,13.8,clear sky
3,Saint George,US,37.1041,-113.5841,59.34,27,12,1.01,few clouds
4,Ribeira Grande,PT,38.5167,-28.7,67.86,82,100,20.2,overcast clouds
5,Show Low,US,34.2542,-110.0298,48.49,74,75,8.05,broken clouds
6,Monrovia,LR,6.3005,-10.7969,80.17,81,4,5.39,light rain
7,Itarema,BR,-2.9248,-39.9167,80.49,78,90,14.29,overcast clouds
8,Rodrigues Alves,BR,-7.738,-72.6509,73.81,92,66,1.7,broken clouds
9,Eucaliptus,BO,-17.5833,-67.5167,55.02,57,100,13.44,overcast clouds
10,Puerto Ayora,EC,-0.7393,-90.3518,69.19,80,4,7.36,clear sky
11,Qaanaaq,GL,77.484,-69.3632,-6.34,69,51,8.59,broken clouds
12,Saint-Georges,GD,12.0564,-61.7485,79.43,84,99,11.18,overcast clouds
13,Georgiyevka,KZ,43.0369,74.7114,30.24,86,0,6.71,mist
14,Rikitea,PF,-23.1203,-134.9692,77.22,78,99,13.96,overcast clouds
15,Rio Grande,BR,-32.035,-52.0986,60.58,68,0,8.34,clear sky
16,Mar Del Plata,AR,-38.0023,-57.5575,69.82,49,0,4.0,clear sky
17,Pucallpa,PE,-8.3791,-74.5539,76.21,84,100,1.77,moderate rain
18,Santa Maria,BR,-29.6842,-53.8069,67.68,54,0,9.93,clear sky
19,Victoria,HK,22.2855,114.1577,65.32,67,0,4.0,clear sky
20,Nouadhibou,MR,20.931,-17.0347,71.69,72,100,14.0,overcast clouds
21,Holsted,DK,55.5109,8.9187,46.74,78,100,13.18,overcast clouds
22,Hithadhoo,MV,-0.6,73.0833,82.13,75,74,17.6,broken clouds
23,Pisco,PE,-13.7,-76.2167,64.45,88,0,14.97,clear sky
24,Carnarvon,AU,-24.8667,113.6333,84.29,35,0,16.4,clear sky
25,Taltal,CL,-25.4,-70.4833,60.6,81,60,2.01,broken clouds
26,Port Alfred,ZA,-33.5906,26.891,61.41,76,74,12.37,light rain
27,Aginskoye,RU,51.1,114.53,-1.98,92,18,4.07,few clouds
28,Upernavik,GL,72.7868,-56.1549,0.43,68,100,8.39,overcast clouds
29,Ler,SS,8.3018,30.1418,73.04,42,4,5.08,clear sky
30,Punta Arenas,CL,-53.15,-70.9167,46.11,75,33,16.08,scattered clouds
31,Nanortalik,GL,60.1432,-45.2371,34.88,87,100,11.65,overcast clouds
32,Iqaluit,CA,63.7506,-68.5145,25.7,73,100,13.0,light snow
33,Prado,BR,-17.3411,-39.2208,72.09,88,7,5.17,clear sky
34,Hami,CN,42.8,93.45,25.29,63,40,2.57,scattered clouds
35,Nizhnyaya Poyma,RU,56.1622,97.1933,24.08,89,100,4.83,overcast clouds
36,Kutum,SD,14.2,24.6667,59.07,24,0,6.67,clear sky
37,Manjacaze,MZ,-24.7117,33.8828,69.17,77,100,10.67,overcast clouds
38,Ilebo,CD,-4.3167,20.5833,69.85,99,100,1.68,moderate rain
39,Cayenne,GF,4.9333,-52.3333,82.09,82,89,3.0,overcast clouds
40,Alexandria,EG,31.2156,29.9553,64.76,71,7,4.38,clear sky
41,Kahramanmaras,TR,38.0,37.0,41.63,86,100,4.79,overcast clouds
42,Iki-Burul,RU,45.8208,44.6472,32.4,89,100,12.06,snow
43,Roald,NO,62.5833,6.1333,47.91,93,75,23.02,shower rain
44,Bay Saint Louis,US,30.3088,-89.33,54.01,93,1,0.0,clear sky
45,Cape Town,ZA,-33.9258,18.4232,64.11,60,0,21.85,clear sky
46,Saskatoon,CA,52.1168,-106.6345,21.18,75,75,11.01,broken clouds
47,East London,ZA,-33.0153,27.9116,58.39,87,100,15.88,moderate rain
48,Rawson,AR,-43.3002,-65.1023,72.82,40,93,24.32,overcast clouds
49,Buraydah,SA,26.326,43.975,57.04,53,0,8.81,clear sky
50,Clyde River,CA,70.4692,-68.5914,17.83,93,90,19.57,light snow
51,Luderitz,NA,-26.6481,15.1594,61.61,72,82,17.47,broken clouds
52,Esil,KZ,51.9556,66.4042,14.31,93,99,7.27,overcast clouds
53,Toora-Khem,RU,52.4675,96.11,12.54,92,100,1.63,overcast clouds
54,El Alto,PE,-4.2714,-81.2147,63.36,86,13,11.52,few clouds
55,Jamestown,US,42.097,-79.2353,32.52,55,75,1.99,broken clouds
56,Florianopolis,BR,-27.6146,-48.5012,71.35,74,40,14.97,scattered clouds
57,Husavik,IS,66.0449,-17.3389,34.07,98,100,39.93,light snow
58,Talcahuano,CL,-36.7167,-73.1167,54.84,94,10,7.87,clear sky
59,Ponta Delgada,PT,37.7333,-25.6667,68.5,94,75,13.8,broken clouds
60,Aswan,EG,24.0934,32.907,63.32,47,0,7.96,clear sky
61,Havelock,US,34.8791,-76.9013,41.94,70,0,6.13,clear sky
62,Adrar,MR,20.5022,-10.0711,74.53,38,76,9.1,broken clouds
63,Sudak,UA,44.85,34.9667,40.23,66,22,13.42,few clouds
64,Kedrovyy,RU,56.1667,91.8167,28.81,88,100,11.59,overcast clouds
65,Matamoros,MX,25.5333,-103.25,73.11,40,96,7.81,overcast clouds
66,Busselton,AU,-33.65,115.3333,70.05,46,4,4.5,clear sky
67,Toguchin,RU,55.2353,84.3858,22.19,89,100,17.67,overcast clouds
68,Dunda,TZ,-8.1167,34.25,68.0,61,6,2.98,clear sky
69,Coahuayana,MX,18.7333,-103.6833,76.01,88,26,1.63,scattered clouds
70,Nuuk,GL,64.1835,-51.7216,36.21,93,90,66.75,light snow
71,Beisfjord,NO,68.3751,17.5988,34.25,94,90,8.12,light snow
72,Roi Et,TH,15.75,103.75,67.87,71,16,17.47,few clouds
73,Krasnovishersk,RU,60.4078,57.082,4.71,99,100,2.91,overcast clouds
74,Novaya Igirma,RU,57.1334,103.9112,7.74,97,67,2.21,broken clouds
75,Paamiut,GL,61.994,-49.6678,35.55,85,100,46.62,moderate rain
76,Bonga,ET,7.2833,36.2333,55.89,78,5,2.26,clear sky
77,Siniscola,IT,40.5719,9.6922,58.55,88,93,7.43,overcast clouds
78,Cidreira,BR,-30.1811,-50.2056,64.83,68,0,8.41,clear sky
79,Albany,US,42.6001,-73.9662,28.74,66,1,3.0,clear sky
80,Port Elizabeth,ZA,-33.918,25.5701,56.1,72,94,8.84,light rain
81,Imbituba,BR,-28.24,-48.6703,72.82,75,87,11.41,overcast clouds
82,Pangkalanbuun,ID,-2.6833,111.6167,75.27,96,100,2.55,overcast clouds
83,Pangnirtung,CA,66.1451,-65.7125,22.62,91,100,12.17,snow
84,Kalmunai,LK,7.4167,81.8167,76.8,87,100,8.25,overcast clouds
85,Kannur,IN,11.8675,75.3576,75.7,89,71,5.95,broken clouds
86,Noyabrsk,RU,63.1994,75.4507,7.23,95,99,9.37,overcast clouds
87,Lengshuitan,CN,26.4111,111.5956,50.68,61,100,1.39,overcast clouds
88,Bathsheba,BB,13.2167,-59.5167,79.36,84,88,12.59,overcast clouds
89,Cap-Aux-Meules,CA,47.3821,-61.8597,39.25,93,90,23.02,light intensity drizzle
90,Yuanping,CN,38.7153,112.7575,33.75,32,0,2.93,clear sky
91,Bambous Virieux,MU,-20.3428,57.7575,72.21,76,18,7.25,few clouds
92,Georgetown,MY,5.4112,100.3354,80.89,84,20,1.99,few clouds
93,Hermanus,ZA,-34.4187,19.2345,58.8,80,100,6.02,overcast clouds
94,Severo-Yeniseyskiy,RU,60.3725,93.0408,17.33,94,100,5.35,overcast clouds
95,Lima,PE,-12.0432,-77.0282,66.9,76,0,11.5,clear sky
96,Hobyo,SO,5.3505,48.5268,79.02,77,100,5.73,light rain
97,Klaksvik,FO,62.2266,-6.589,41.92,64,8,34.63,clear sky
98,Cabedelo,BR,-6.9811,-34.8339,79.3,77,2,10.74,clear sky
99,Kamenka,RU,51.3223,42.7678,16.75,72,40,4.92,scattered clouds
100,Sao Filipe,CV,14.8961,-24.4956,79.47,71,100,3.18,overcast clouds
101,Lagoa,PT,39.05,-27.9833,66.09,81,92,21.59,overcast clouds
102,Colares,PT,38.7992,-9.4469,55.33,71,30,8.01,scattered clouds
103,Mount Prospect,US,42.0664,-87.9373,38.95,51,1,4.0,clear sky
104,Simga,IN,21.6333,81.7,65.93,56,5,4.99,clear sky
105,Mahebourg,MU,-20.4081,57.7,72.25,77,14,7.45,few clouds
106,Padang,ID,-0.9492,100.3543,78.85,66,100,3.22,overcast clouds
107,Sao Jose Da Coroa Grande,BR,-8.8978,-35.1478,79.0,79,7,11.9,clear sky
108,Taoudenni,ML,22.6783,-3.9836,78.15,33,94,7.87,overcast clouds
109,Lebu,CL,-37.6167,-73.65,55.76,89,0,15.41,clear sky
110,Ponta Do Sol,PT,32.6667,-17.1,69.01,76,100,7.4,overcast clouds
111,Oranjestad,AW,12.524,-70.027,81.55,81,26,17.16,scattered clouds
112,Margate,GB,51.3813,1.3862,44.31,91,3,1.99,clear sky
113,Qovlar,AZ,40.948,45.735,50.85,51,20,6.49,few clouds
114,Bintulu,MY,3.1667,113.0333,78.75,90,100,4.07,overcast clouds
115,Huainan,CN,32.6264,116.9969,48.34,34,1,8.23,clear sky
116,Ghanzi,BW,-21.5667,21.7833,67.95,22,0,8.59,clear sky
117,Thompson,CA,55.7435,-97.8558,1.87,88,100,9.82,overcast clouds
118,Santona,ES,43.4439,-3.4576,53.35,93,100,0.94,light rain
119,Sault Sainte Marie,CA,46.5168,-84.3333,34.9,79,97,9.95,overcast clouds
120,Castro,BR,-24.7911,-50.0119,69.03,62,100,6.51,overcast clouds
121,Belmonte,BR,-15.8631,-38.8828,73.71,89,7,3.89,clear sky
122,Saint-Philippe,RE,-21.3585,55.7679,72.99,73,20,9.69,few clouds
123,Varna,BG,43.2167,27.9167,41.23,87,20,9.22,few clouds
124,Richards Bay,ZA,-28.783,32.0377,65.34,75,100,13.33,light rain
125,Chuy,UY,-33.6971,-53.4616,53.83,74,0,4.76,clear sky
126,Shihezi,CN,44.3,86.0333,29.41,60,55,1.86,broken clouds
127,Coquimbo,CL,-29.9533,-71.3436,57.99,83,91,2.75,overcast clouds
128,Floro,NO,61.5996,5.0328,48.16,93,90,17.27,light intensity shower rain
129,Karagaylinskiy,RU,54.172,86.5521,23.23,83,69,18.54,broken clouds
130,Rundu,NA,-17.9333,19.7667,67.1,16,100,5.44,overcast clouds
131,Krasnoselkup,RU,65.7,82.4667,15.35,95,100,9.78,overcast clouds
132,Saurimo,AO,-9.6608,20.3916,64.02,95,100,2.91,overcast clouds
133,Copiapo,CL,-27.3667,-70.3333,64.92,59,94,4.14,overcast clouds
134,Arraial Do Cabo,BR,-22.9661,-42.0278,71.94,89,14,9.48,few clouds
135,Hukuntsi,BW,-24.0,21.75,66.92,31,0,7.31,clear sky
136,Oberndorf,DE,48.2905,8.5722,33.01,86,4,2.48,clear sky
137,Caravelas,BR,-17.7125,-39.2481,71.11,89,5,4.79,clear sky
138,Halifax,CA,44.6453,-63.5724,36.09,92,100,7.0,light rain
139,Evora,PT,38.5667,-7.9,41.11,88,5,3.74,clear sky
140,Ushuaia,AR,-54.8,-68.3,37.94,94,94,5.93,overcast clouds
141,Shrirangapattana,IN,12.4136,76.7042,66.81,94,100,4.63,overcast clouds
142,Geraldton,AU,-28.7667,114.6,82.81,23,0,19.57,clear sky
143,Cibitoke,BI,-2.8833,29.25,61.86,81,27,3.76,scattered clouds
144,Rosario,AR,-32.9468,-60.6393,73.6,49,0,1.99,clear sky
145,Herrin,US,37.8031,-89.0276,41.34,60,1,6.91,clear sky
146,Touros,BR,-5.1989,-35.4608,79.7,79,100,12.03,overcast clouds
147,Eenhana,NA,-17.4667,16.3333,70.54,21,0,6.13,clear sky
148,Larap,PH,14.299,122.6504,82.76,75,85,11.07,overcast clouds
149,Karwar,IN,14.8,74.1333,77.05,84,8,5.86,clear sky
150,Abram,GB,53.5085,-2.5927,48.16,85,100,1.99,overcast clouds
151,Carballo,ES,43.213,-8.691,51.87,77,57,11.56,broken clouds
152,Hualmay,PE,-11.0964,-77.6139,65.8,84,100,7.92,overcast clouds
153,Liverpool,GB,53.4106,-2.9779,48.69,85,100,3.0,overcast clouds
154,Erdenet,MN,49.0333,104.0833,10.38,81,69,3.22,broken clouds
155,Cullera,ES,39.1667,-0.25,52.77,66,100,4.0,overcast clouds
156,Novovasylivka,UA,46.8315,35.7536,30.36,56,24,7.45,few clouds
157,Codrington,AU,-38.2667,141.9667,68.83,69,100,7.38,light rain
158,Beboto,TD,8.2668,16.939,71.76,31,9,0.4,clear sky
159,Simao,CN,22.7886,100.9748,58.12,99,100,2.1,overcast clouds
160,Maceio,BR,-9.6658,-35.7353,78.24,83,20,5.75,few clouds
161,Chajul,GT,15.4853,-91.0342,52.52,96,89,3.27,overcast clouds
162,Souillac,MU,-20.5167,57.5167,72.36,82,9,6.98,clear sky
163,Olafsvik,IS,64.8945,-23.7142,32.94,66,61,20.36,broken clouds
164,Quatre Cocos,MU,-20.2078,57.7625,72.09,77,24,7.14,few clouds
165,Baykit,RU,61.67,96.37,20.66,96,99,5.35,light snow
166,Constitucion,CL,-35.3333,-72.4167,55.24,92,59,8.59,broken clouds
167,Ostrovnoy,RU,68.0531,39.5131,27.34,81,100,11.39,overcast clouds
168,San Rafael Del Sur,NI,11.8485,-86.4384,77.56,72,53,6.89,broken clouds
169,Natal,BR,-5.795,-35.2094,80.82,83,20,9.22,few clouds
170,Cockburn Town,TC,21.4612,-71.1419,81.12,76,90,14.36,overcast clouds
171,Vestmannaeyjar,IS,63.4427,-20.2734,36.77,68,5,29.95,clear sky
172,Antofagasta,CL,-23.65,-70.4,61.07,76,50,1.99,scattered clouds
173,Itaituba,BR,-4.2761,-55.9836,79.14,76,90,1.34,overcast clouds
174,Dikson,RU,73.5069,80.5464,4.26,94,100,11.41,overcast clouds
175,Mustasaari,FI,63.1142,21.6822,39.15,81,75,14.97,broken clouds
176,Dali,CN,25.7,100.1833,47.5,86,50,2.44,scattered clouds
177,Naryan-Mar,RU,67.6713,53.087,17.22,95,100,8.95,overcast clouds
178,Brumado,BR,-14.2036,-41.6653,74.03,86,100,0.85,overcast clouds
179,Borger,NL,52.9233,6.7931,44.8,96,100,5.37,overcast clouds
180,Khatanga,RU,71.9667,102.5,-0.06,80,100,16.67,overcast clouds
181,Saint-Augustin,CA,51.226,-58.6502,40.44,95,100,17.56,overcast clouds
182,Maine-Soroa,NE,13.2114,12.0241,76.68,20,2,9.62,clear sky
183,Dillon,US,34.4166,-79.3712,38.25,35,2,5.64,clear sky
184,Ojinaga,MX,29.5667,-104.4167,71.42,37,1,3.44,clear sky
185,Torbay,CA,47.6666,-52.7314,43.57,95,100,5.01,overcast clouds
186,Cabo San Lucas,MX,22.8909,-109.9124,77.18,75,48,12.68,scattered clouds
187,Junnar,IN,19.2,73.8833,72.97,79,29,3.51,scattered clouds
188,Awjilah,LY,29.1081,21.2869,66.61,32,100,6.2,overcast clouds
189,Chernyshevskiy,RU,63.0128,112.4714,-10.52,91,100,4.32,overcast clouds
190,Yerbogachen,RU,61.2767,108.0108,6.17,97,95,5.44,overcast clouds
191,Gambo,CF,4.6482,22.2633,66.45,63,11,1.05,few clouds
192,Shelburne,CA,44.0787,-80.2041,29.75,87,71,4.97,broken clouds
193,Saskylakh,RU,71.9167,114.0833,-19.48,91,55,12.21,broken clouds
194,Los Llanos De Aridane,ES,28.6585,-17.9182,64.15,81,0,5.99,clear sky
195,Ko Samui,TH,9.5357,99.9357,75.97,93,100,8.05,overcast clouds
196,Bonthe,SL,7.5264,-12.505,79.0,83,13,2.17,light rain
197,Kapuskasing,CA,49.4169,-82.4331,26.91,80,100,12.48,overcast clouds
198,Chimbarongo,CL,-34.7,-71.05,68.88,69,0,3.65,clear sky
199,Henties Bay,NA,-22.116,14.2845,56.86,95,24,4.61,few clouds
200,Villaviciosa,ES,43.4813,-5.4357,54.97,93,100,3.85,overcast clouds
201,Erenhot,CN,43.6475,111.9767,24.87,51,0,13.89,clear sky
202,Xapuri,BR,-10.6517,-68.5044,74.37,92,98,0.6,overcast clouds
203,El Carmen,CO,8.5106,-73.4478,68.13,100,100,2.13,overcast clouds
204,Bela,IN,25.9333,81.9833,59.16,37,0,2.55,clear sky
205,Forio,IT,40.7342,13.8646,59.25,70,100,20.76,overcast clouds
206,Saltillo,MX,25.4167,-101.0,66.92,51,40,9.22,scattered clouds
207,Tabou,CI,4.423,-7.3528,78.78,86,18,8.77,few clouds
208,Juarez,MX,31.7333,-106.4833,65.12,32,75,4.61,broken clouds
209,Shubarshi,KZ,48.5872,57.1869,39.87,90,100,9.26,overcast clouds
210,Ahvaz,IR,31.3203,48.6693,64.22,48,0,7.47,clear sky
211,Tessalit,ML,20.1986,1.0114,74.77,32,65,7.83,broken clouds
212,Warrington,GB,53.3925,-2.5802,48.87,85,100,3.0,overcast clouds
213,Labuhan,ID,-6.8844,112.2051,82.22,72,86,10.29,overcast clouds
214,Korla,CN,41.7597,86.1469,26.06,63,6,3.74,clear sky
215,Jalu,LY,29.0331,21.5482,65.37,33,100,5.53,overcast clouds
216,Anori,BR,-3.7728,-61.6442,76.57,84,83,2.93,broken clouds
217,Tuscaloosa,US,33.2098,-87.5692,44.38,75,1,0.0,clear sky
218,Mabaruma,GY,8.2,-59.7833,73.65,98,99,2.84,overcast clouds
219,Matagami,CA,49.7502,-77.6328,12.15,95,96,5.75,overcast clouds
220,Novosergiyevka,RU,52.0934,53.6528,5.83,99,100,3.47,overcast clouds
221,Havre-Saint-Pierre,CA,50.2334,-63.5986,33.42,72,100,17.05,overcast clouds
222,Atasu,KZ,48.6814,71.6433,33.62,99,100,8.68,overcast clouds
223,Puerto Escondido,MX,15.85,-97.0667,81.43,74,20,0.0,few clouds
224,Qasigiannguit,GL,68.8193,-51.1922,28.65,89,100,16.71,light snow
225,Rolla,US,37.9514,-91.7713,48.85,43,1,5.99,clear sky
226,Dole,FR,47.0833,5.5,37.11,86,0,3.44,clear sky
227,Ilulissat,GL,69.2167,-51.1,28.42,54,100,19.57,light snow
228,Baie-Comeau,CA,49.2168,-68.1489,29.08,65,100,13.82,overcast clouds
229,Trairi,BR,-3.2778,-39.2689,80.35,79,94,11.72,overcast clouds
230,Sao Paulo De Olivenca,BR,-3.3783,-68.8725,73.51,99,100,2.1,heavy intensity rain
231,Conde,BR,-7.2597,-34.9075,76.51,80,4,8.57,clear sky
232,Takoradi,GH,4.8845,-1.7554,79.48,81,11,7.76,few clouds
233,Tarko-Sale,RU,64.9225,77.785,8.65,94,98,12.06,overcast clouds
234,Guatire,VE,10.4762,-66.5427,71.58,97,74,1.23,broken clouds
235,Jalalpur Pirwala,PK,29.5069,71.2192,63.01,18,0,2.59,clear sky
236,Pyapon,MM,16.2833,95.6833,78.53,83,96,4.29,overcast clouds
237,Salinopolis,BR,-0.6136,-47.3561,80.69,81,80,11.83,broken clouds
238,Neftcala,AZ,39.3742,49.2472,54.93,75,0,9.69,clear sky
239,San Patricio,US,28.017,-97.5169,69.89,62,97,7.85,overcast clouds
240,Kanniyakumari,IN,8.0833,77.5667,78.46,82,100,6.8,light rain
241,Yellowknife,CA,62.456,-114.3525,-13.45,95,100,5.99,overcast clouds
242,Manta,EC,-0.95,-80.7333,71.56,84,90,10.07,overcast clouds
243,Toamasina,MG,-18.1667,49.3833,72.32,81,7,9.48,clear sky
244,Aksu,CN,41.1231,80.2644,27.09,57,2,2.44,clear sky
245,Simnas,LT,54.4,23.65,35.37,94,71,8.16,broken clouds
246,Kelvington,CA,52.1667,-103.5343,21.51,91,100,14.74,overcast clouds
247,Cao Bang,VN,22.6667,106.25,56.28,73,100,2.48,overcast clouds
248,Nikolaevo,BG,42.6333,25.8,45.23,87,100,2.95,overcast clouds
249,Saldanha,ZA,-33.0117,17.9442,61.66,76,100,15.64,overcast clouds
250,Ilheus,BR,-14.7889,-39.0494,74.52,90,70,2.77,broken clouds
251,Comodoro Rivadavia,AR,-45.8667,-67.5,73.26,11,0,13.8,clear sky
252,Yanam,IN,16.7333,82.2167,76.57,89,78,4.88,broken clouds
253,Malampaka,TZ,-3.1333,33.5333,70.41,64,99,1.99,overcast clouds
254,Xuddur,SO,4.1213,43.8894,69.94,65,97,8.1,overcast clouds
255,Hay River,CA,60.8156,-115.7999,-1.88,93,100,4.56,overcast clouds
256,Vanavara,RU,60.34,102.2797,13.35,95,96,6.15,overcast clouds
257,Kiruna,SE,67.8557,20.2251,22.12,93,40,9.22,light snow
258,Bagdarin,RU,54.4333,113.6,-7.96,92,85,2.24,overcast clouds
259,Kotma,IN,23.2,81.9667,56.89,54,0,1.54,clear sky
260,Qui Nhon,VN,13.7667,109.2333,77.54,87,98,20.04,overcast clouds
261,Sao Marcos,BR,-28.9711,-51.0681,57.34,91,0,3.51,clear sky
262,Zhangye,CN,38.9342,100.4517,31.71,20,0,7.94,clear sky
263,Hayden,US,47.766,-116.7866,34.97,94,90,6.91,snow
264,Santa Catalina,PH,9.3337,122.8637,82.51,77,99,9.4,overcast clouds
265,Bokoro,TD,12.3807,17.0568,78.31,19,83,10.63,broken clouds
266,Ashqelon,IL,31.6693,34.5715,64.4,69,100,5.08,overcast clouds
267,Buta,CD,2.7858,24.73,67.48,79,94,2.51,overcast clouds
268,Baghdad,IQ,33.3406,44.4009,51.71,71,0,5.75,clear sky
269,Sao Joao Da Barra,BR,-21.6403,-41.0511,72.16,88,5,7.92,clear sky
270,Kalabo,ZM,-14.97,22.6814,71.33,60,100,5.39,overcast clouds
271,Yumen,CN,40.2833,97.2,28.29,25,0,7.27,clear sky
272,Stornoway,GB,58.2093,-6.3865,45.93,93,75,8.99,drizzle
273,Balikpapan,ID,-1.2675,116.8289,77.99,94,20,8.05,few clouds
274,Hoopstad,ZA,-27.8327,25.9083,61.32,49,8,7.34,clear sky
275,Vardo,NO,70.3705,31.1107,27.12,89,100,11.3,light snow
276,Ust-Uda,RU,54.1742,103.0304,7.84,100,88,2.75,overcast clouds
277,Vila Franca Do Campo,PT,37.7167,-25.4333,68.2,90,100,17.0,overcast clouds
278,Kaya,BF,13.0917,-1.0844,78.37,17,0,8.3,clear sky
279,Xining,CN,36.6167,101.7667,27.61,29,0,2.26,clear sky
280,Energeticheskiy,KZ,43.4278,77.0222,32.56,80,10,4.47,mist
281,Slave Lake,CA,55.2834,-114.769,8.58,72,90,10.36,light snow
282,Jiangkou,CN,25.4872,119.1986,57.74,66,0,10.11,clear sky
283,Guerrero Negro,MX,27.9769,-114.0611,66.43,74,100,14.41,overcast clouds
284,Santa Cruz,BO,-17.8,-63.1667,82.0,65,100,6.55,overcast clouds
285,Milicz,PL,51.5277,17.2714,41.13,88,100,7.7,light rain
286,Banda Aceh,ID,5.5577,95.3222,81.0,79,99,3.02,overcast clouds
287,Aktash,RU,50.3,87.7333,13.32,89,100,3.02,overcast clouds
288,Puri,IN,19.8,85.85,79.38,78,6,5.44,clear sky
289,Bentiu,SS,9.2333,29.8333,72.1,31,38,5.08,scattered clouds
290,Ilam,NP,26.9167,87.9167,52.61,86,4,4.32,clear sky
291,Yevlax,AZ,40.6089,47.1492,54.1,45,8,12.77,clear sky
292,El Retorno,CO,2.3302,-72.6276,72.75,98,100,0.78,overcast clouds
293,Puerto Baquerizo Moreno,EC,-0.9,-89.6,69.31,79,17,9.4,few clouds
294,Santa Rosa,PH,14.3122,121.1114,85.1,75,95,13.98,overcast clouds
295,Gat,IL,31.61,34.7642,63.39,65,100,4.43,overcast clouds
296,Kajaani,FI,64.2273,27.7285,26.65,93,90,8.05,snow
297,Pervomayskiy,RU,53.2485,40.2871,15.98,89,5,4.45,clear sky
298,Subtanjalla,PE,-14.0189,-75.7581,59.54,66,100,3.83,overcast clouds
299,Nyangao,TZ,-10.3333,39.2833,69.46,98,98,3.22,overcast clouds
300,Kwinana,AU,-32.25,115.7667,76.17,54,0,3.51,clear sky
301,Mitsamiouli,KM,-11.3847,43.2844,79.3,77,7,11.34,clear sky
302,Chaiyaphum,TH,15.75,102.0,68.45,73,99,14.36,overcast clouds
303,Grand Gaube,MU,-20.0064,57.6608,72.37,83,22,10.89,few clouds
304,Kinarut,MY,5.8231,116.0466,84.22,74,20,2.3,few clouds
305,Lebowakgomo,ZA,-24.2,29.5,60.89,67,0,5.97,clear sky
306,Salalah,OM,17.0151,54.0924,82.49,28,0,8.05,clear sky
307,Bow Island,CA,49.8668,-111.3684,29.48,55,100,15.28,overcast clouds
308,Guilin,CN,25.2819,110.2864,52.03,60,100,3.78,overcast clouds
309,San Pedro,PH,14.35,121.0167,84.34,75,92,14.47,overcast clouds
310,Gamba,GA,-2.65,10.0,74.62,90,98,2.75,overcast clouds
311,Manicore,BR,-5.8092,-61.3003,77.94,80,81,2.68,broken clouds
312,Ibipeba,BR,-11.6408,-42.0111,72.54,86,100,0.78,overcast clouds
313,Ituiutaba,BR,-18.9689,-49.465,82.04,45,92,2.19,overcast clouds
314,Iralaya,HN,15.0,-83.2333,76.35,87,81,9.17,broken clouds
315,San Cristobal,VE,7.7669,-72.225,69.98,95,77,1.59,broken clouds
316,Poroshkovo,UA,48.6683,22.7533,38.01,87,43,2.26,scattered clouds
317,Edd,ER,13.9297,41.6925,79.03,79,28,2.91,scattered clouds
318,Estelle,US,29.8458,-90.1067,57.2,63,1,4.61,clear sky
319,La Ronge,CA,55.1001,-105.2842,8.29,89,100,13.85,overcast clouds
320,Dauphin,CA,51.1494,-100.0502,27.19,94,100,4.52,overcast clouds
321,Harnosand,SE,62.6323,17.9379,42.01,64,15,22.32,few clouds
322,Rincon,US,32.296,-81.2354,44.85,81,20,0.0,few clouds
323,Houma,US,29.5958,-90.7195,55.0,66,1,3.44,clear sky
324,Tazovskiy,RU,67.4667,78.7,7.65,94,98,11.34,overcast clouds
325,Talnakh,RU,69.4865,88.3972,10.33,92,100,10.54,overcast clouds
326,Tuy Hoa,VN,13.0833,109.3,76.89,90,99,15.3,overcast clouds
327,Moroto,UG,2.5345,34.6666,68.9,53,20,2.17,few clouds
328,San Vicente,AR,-26.6167,-54.1333,71.28,60,87,3.36,overcast clouds
329,Port-Cartier,CA,50.0334,-66.8654,27.75,61,100,15.3,overcast clouds
330,Bosanska Gradiska,BA,45.1411,17.25,39.45,88,6,0.87,clear sky
331,Tomatlan,MX,19.9333,-105.25,73.44,89,18,2.3,few clouds
332,Extrema,BR,-22.8547,-46.3183,69.62,60,7,3.83,clear sky
333,Zapolyarnyy,RU,69.4154,30.8136,15.08,82,100,2.89,overcast clouds
334,Mogadishu,SO,2.0371,45.3438,79.2,78,91,8.66,overcast clouds
335,Guspini,IT,39.5406,8.6294,50.72,88,13,3.85,few clouds
336,Muros,ES,42.7762,-9.0603,52.84,72,9,15.03,clear sky
337,Bhadra,IN,29.1167,75.1667,62.83,19,0,6.85,clear sky
338,Norman Wells,CA,65.282,-126.8329,-15.11,99,99,2.86,overcast clouds
339,Risalpur,PK,34.0619,71.9917,50.58,25,1,1.43,clear sky
340,Sibsagar,IN,26.9833,94.6333,61.0,88,54,1.86,broken clouds
341,De Aar,ZA,-30.6497,24.0123,54.0,63,12,14.5,few clouds
342,Bandarbeyla,SO,9.4942,50.8122,81.66,54,100,14.72,overcast clouds
343,Svetlogorsk,BY,52.6333,29.7333,32.18,70,100,6.38,overcast clouds
344,Stromness,GB,58.965,-3.296,48.87,85,100,21.0,overcast clouds
345,Lumut,MY,4.2323,100.6298,77.23,88,100,4.9,overcast clouds
346,Porto Novo,BJ,6.4965,2.6036,79.11,86,4,5.88,clear sky
347,Akyab,MM,20.15,92.9,74.35,71,5,5.95,clear sky
348,The Valley,AI,18.217,-63.0578,79.11,74,15,9.48,few clouds
349,Santiago Del Estero,AR,-27.7951,-64.2615,71.8,81,95,3.94,overcast clouds
350,San Juan,AR,-31.5375,-68.5364,79.77,45,43,20.15,scattered clouds
351,Coronel Vivida,BR,-25.9797,-52.5678,69.67,66,100,3.53,overcast clouds
352,Solec Kujawski,PL,53.0837,18.2257,43.88,70,75,3.0,broken clouds
353,Port Blair,IN,11.6667,92.75,82.2,84,91,11.77,overcast clouds
354,Galle,LK,6.0367,80.217,77.59,86,100,4.52,overcast clouds
355,Verkhniy Avzyan,RU,53.5289,57.5372,-1.17,100,100,1.43,overcast clouds
356,Waddan,LY,29.1614,16.139,66.96,48,97,6.35,overcast clouds
357,Beoumi,CI,7.6736,-5.5764,74.34,72,5,4.23,clear sky
358,Broome,US,42.2506,-75.833,28.65,76,1,1.01,clear sky
359,Carson City,US,39.1638,-119.7674,49.41,38,1,5.99,clear sky
360,Le Port,RE,-20.9373,55.2919,73.4,81,69,9.28,broken clouds
361,Sechura,PE,-5.5569,-80.8222,66.99,79,30,13.85,scattered clouds
362,Bay Roberts,CA,47.5999,-53.2648,44.33,87,100,8.99,overcast clouds
363,Ancud,CL,-41.8697,-73.8203,58.53,96,5,5.99,clear sky
364,Nantucket,US,41.2835,-70.0995,37.51,50,20,20.71,few clouds
365,Kruisfontein,ZA,-34.0033,24.7314,53.89,80,30,4.68,scattered clouds
366,Salisbury,GB,51.0693,-1.7957,46.29,87,87,4.72,overcast clouds
367,Saint Anthony,US,45.0205,-93.218,49.14,50,100,7.0,overcast clouds
368,Bredasdorp,ZA,-34.5322,20.0403,58.28,84,100,2.73,overcast clouds
369,Aloleng,PH,16.1307,119.7824,84.18,64,55,8.25,broken clouds
370,Khorixas,NA,-20.3667,14.9667,61.54,43,0,2.04,clear sky
371,Ferme-Neuve,CA,46.7001,-75.4493,24.55,63,28,4.52,scattered clouds
372,Bucerias,MX,20.75,-105.3333,75.27,78,9,1.5,clear sky
373,Osa,RU,57.2829,55.4567,15.06,94,100,9.28,overcast clouds
374,Iquitos,PE,-3.7481,-73.2472,77.04,94,40,0.0,scattered clouds
375,Arenapolis,BR,-14.4503,-56.8461,74.89,93,100,2.93,overcast clouds
376,Sovetskiy,RU,61.3614,63.5842,4.57,93,99,7.02,overcast clouds
377,Mus,TR,39.0,41.75,36.16,83,100,3.62,overcast clouds
378,Lowestoft,GB,52.4752,1.7516,44.94,85,70,5.53,broken clouds
379,Mier,MX,26.4333,-99.15,70.68,64,86,9.53,overcast clouds
380,San Carlos De Bariloche,AR,-41.1456,-71.3082,62.35,48,0,10.36,clear sky
381,Berbera,SO,10.4396,45.0143,77.07,63,6,2.59,clear sky
382,Chara,RU,56.9064,118.2631,-15.84,89,99,0.98,overcast clouds
383,Plymouth,US,41.8334,-70.8328,33.84,53,1,12.66,clear sky
384,Raudeberg,NO,61.9875,5.1352,47.07,96,100,7.0,overcast clouds
385,Topolobampo,MX,25.6,-109.05,76.05,64,75,6.91,broken clouds
386,Coachella,US,33.6803,-116.1739,76.95,29,28,1.88,scattered clouds
387,Nchelenge,ZM,-9.3451,28.734,71.28,83,100,0.87,overcast clouds
388,Storslett,NO,69.7678,21.0247,28.58,84,100,15.84,snow
389,Inhambane,MZ,-23.865,35.3833,71.49,85,100,13.78,overcast clouds
390,Wundanyi,KE,-3.4019,38.364,64.36,84,69,2.98,broken clouds
391,Kars,TR,40.602,43.095,30.65,80,40,6.91,scattered clouds
392,Jinji,CN,23.2281,110.8261,55.9,57,26,3.69,scattered clouds
393,Faya,SA,18.3851,42.4509,52.32,33,74,4.79,broken clouds
394,Prieska,ZA,-29.6641,22.7474,64.2,50,98,12.86,overcast clouds
395,Xingyi,CN,24.1877,102.817,42.71,96,100,3.09,overcast clouds
396,Camana,PE,-16.6228,-72.7111,67.77,81,100,4.07,overcast clouds
397,Laguna,US,38.421,-121.4238,61.07,64,1,1.99,clear sky
398,Urumqi,CN,43.801,87.6005,14.95,86,12,2.24,mist
399,Northam,GB,51.0333,-4.2167,46.38,85,75,2.15,broken clouds
400,Debre Birhan,ET,9.6833,39.5333,43.88,85,4,3.78,clear sky
401,Valleyview,CA,55.0667,-117.2859,6.69,89,100,3.42,overcast clouds
402,Humboldt,US,40.6665,-123.9178,44.38,93,32,5.5,scattered clouds
403,Sur,OM,22.5667,59.5289,75.22,30,9,4.14,clear sky
404,Marrakesh,MA,31.6315,-8.0083,57.27,94,75,4.61,broken clouds
405,Jalor,IN,25.35,72.6167,64.69,31,8,3.11,clear sky
406,Irati,BR,-25.4672,-50.6511,68.31,65,100,1.88,light rain
407,Touba,CI,8.2833,-7.6833,73.31,60,0,2.13,clear sky
408,Hofn,IS,64.2539,-15.2082,34.11,62,10,15.95,clear sky
409,Iquique,CL,-20.2208,-70.1431,63.45,75,98,0.16,overcast clouds
410,Boende,CD,-0.2167,20.8667,72.45,94,99,1.88,overcast clouds
411,Batsfjord,NO,70.6345,29.7185,23.07,89,100,3.2,light snow
412,Kenora,CA,49.8167,-94.4337,33.78,80,100,4.0,overcast clouds
413,Aktau,KZ,43.65,51.2,45.18,77,100,10.74,overcast clouds
414,Vila Velha,BR,-20.3297,-40.2925,72.95,91,35,5.35,scattered clouds
415,Strezhevoy,RU,60.7333,77.5889,12.18,96,100,6.76,light snow
416,Pochutla,MX,15.7432,-96.4661,80.42,85,0,3.62,clear sky
417,Ongandjera,NA,-17.8833,15.0667,72.73,23,0,10.8,clear sky
418,Chapais,CA,49.7834,-74.8492,13.78,98,60,2.55,broken clouds
419,San Quintin,MX,30.4833,-115.95,64.06,77,11,9.17,few clouds
420,Balkanabat,TM,39.5108,54.3671,51.96,56,0,3.49,clear sky
421,Vagay,RU,57.9375,69.0217,19.15,93,100,8.84,light snow
422,Napoleon,US,41.3923,-84.1252,34.07,67,3,7.34,clear sky
423,Port Hedland,AU,-20.3167,118.5667,91.45,21,100,24.16,overcast clouds
424,Dongsheng,CN,39.8161,109.9776,25.25,40,8,12.24,clear sky
425,Maragogi,BR,-9.0122,-35.2225,79.11,79,7,11.92,clear sky
426,Bhinmal,IN,25.0,72.25,66.51,32,69,3.2,broken clouds
427,Tshikapa,CD,-6.4167,20.8,71.65,96,100,2.1,overcast clouds
428,Longyearbyen,SJ,78.2186,15.6401,6.64,66,0,16.11,clear sky
429,Bengkulu,ID,-3.8004,102.2655,76.66,80,100,2.17,overcast clouds
430,Lamu,KE,-2.2717,40.902,80.82,84,100,7.78,overcast clouds
431,Meulaboh,ID,4.1363,96.1285,78.01,87,99,5.55,overcast clouds
432,Ustye,RU,59.6304,39.736,21.78,95,99,6.62,overcast clouds
433,Vredendal,ZA,-31.6683,18.5012,61.63,72,100,0.72,overcast clouds
434,Grindavik,IS,63.8424,-22.4338,34.27,75,75,28.77,broken clouds
435,Muyuka,CM,4.2898,9.4103,74.39,93,83,0.47,broken clouds
436,Rafaela,AR,-31.2503,-61.4867,76.98,28,0,1.01,clear sky
437,Araouane,ML,18.9048,-3.5265,75.97,35,79,9.64,broken clouds
438,Alta Floresta,BR,-9.8756,-56.0861,72.88,96,100,2.8,overcast clouds
439,Rochegda,RU,62.8,43.25,14.95,94,98,5.1,overcast clouds
440,Muravlenko,RU,63.7898,74.523,5.81,95,100,11.36,overcast clouds
441,Cozumel,MX,20.5083,-86.9458,77.95,73,45,8.01,scattered clouds
442,Gambela,ET,8.25,34.5833,74.07,49,39,3.53,scattered clouds
443,Boromo,BF,11.75,-2.9333,77.63,20,0,6.6,clear sky
444,Big Spring,US,32.2504,-101.4787,66.65,34,1,8.99,clear sky
445,Antalaha,MG,-14.9003,50.2788,71.04,83,50,3.47,scattered clouds
446,Dumai,ID,1.6833,101.45,77.18,90,100,0.65,light rain
447,Mantua,IT,45.1667,10.7833,44.82,82,11,4.94,few clouds
448,Francisco Beltrao,BR,-26.0811,-53.055,72.55,65,100,3.83,overcast clouds
449,Eyl,SO,7.9803,49.8164,77.27,71,10,3.83,clear sky
450,Los Andes,CL,-32.8337,-70.5983,69.58,64,0,2.57,clear sky
451,Grand-Santi,GF,4.25,-54.3833,76.21,85,100,3.22,overcast clouds
452,Chiautla,MX,19.5333,-98.8833,65.95,65,85,3.56,overcast clouds
453,Jibuti,DJ,11.5,42.5,71.13,68,51,4.54,broken clouds
454,Gumdag,TM,39.2061,54.5906,50.95,59,0,3.91,clear sky
455,Sheridan,US,44.8333,-106.9173,42.98,38,1,4.61,clear sky
456,Rio Gallegos,AR,-51.6226,-69.2181,47.26,65,72,25.52,broken clouds
457,Itai,BR,-23.4178,-49.0906,73.74,47,44,11.99,scattered clouds
458,Carupano,VE,10.6678,-63.2585,77.36,88,100,7.31,overcast clouds
459,Kargopol,RU,61.5071,38.9456,23.32,95,100,5.41,overcast clouds
460,Teguldet,RU,57.3064,88.1667,24.51,81,100,10.49,overcast clouds
461,Pontes E Lacerda,BR,-15.2261,-59.3353,76.48,86,100,2.77,overcast clouds
462,Binabalian,PH,16.4202,119.9279,82.09,73,10,9.17,clear sky
463,Tucupita,VE,9.0622,-62.051,74.3,95,73,3.78,broken clouds
464,Tahoua,NE,14.8888,5.2692,78.13,18,1,9.48,clear sky
465,Dongobesh,TZ,-4.0667,35.3833,56.53,79,56,3.65,broken clouds
466,Damghan,IR,36.1683,54.348,43.61,74,0,0.4,clear sky
467,Businga,CD,3.3333,20.8833,68.86,66,6,1.81,clear sky
468,Scarborough,GB,54.2797,-0.4044,44.91,88,11,5.48,few clouds
469,Bahia Blanca,AR,-38.7196,-62.2724,76.62,23,0,15.12,clear sky
470,Atuona,PF,-9.8,-139.0333,77.97,76,25,13.6,scattered clouds
471,Pingyin,CN,36.2831,116.4453,40.05,52,0,10.09,clear sky
472,Ahmadpur,IN,18.7,76.9333,74.77,80,91,5.55,overcast clouds
473,Morgan City,US,29.6994,-91.2068,53.01,81,1,4.61,clear sky
474,Northampton,US,40.8754,-75.2499,32.43,65,0,8.93,clear sky
475,Togur,RU,58.3631,82.8265,19.85,92,100,10.83,overcast clouds
476,Pemangkat,ID,1.1667,108.9667,80.13,76,100,4.72,overcast clouds
477,Karratha,AU,-20.7377,116.8463,89.44,33,100,22.93,overcast clouds
478,Viedma,AR,-40.8135,-62.9967,74.46,25,8,8.95,light rain
479,Kolobrzeg,PL,54.1757,15.5834,46.96,84,100,19.17,light rain
480,Niono,ML,14.2526,-5.993,79.12,24,0,10.4,clear sky
481,Alamosa,US,37.4695,-105.87,46.38,34,75,10.36,broken clouds
482,Akhnur,IN,32.8667,74.7333,50.9,22,5,4.56,clear sky
483,Walvis Bay,NA,-22.9575,14.5053,57.09,95,8,5.77,clear sky
484,Radcliff,US,37.8404,-85.9491,37.02,65,1,1.01,clear sky
485,Jumla,NP,29.2747,82.1838,39.45,25,0,4.45,clear sky
486,Kuantan,MY,3.8077,103.326,78.94,87,100,3.38,moderate rain
487,Aranos,NA,-24.1333,19.1167,64.44,27,0,8.77,clear sky
488,Cheney,US,47.4874,-117.5758,34.77,94,90,14.97,mist
489,San Andres,CO,12.5847,-81.7006,81.54,69,100,13.91,overcast clouds
490,Siguiri,GN,11.6667,-9.5,73.15,27,19,0.96,few clouds
491,Road Town,VG,18.4167,-64.6167,78.01,74,1,7.87,clear sky
492,Xai-Xai,MZ,-25.0519,33.6442,71.04,74,100,14.97,overcast clouds
493,Along,IN,28.1667,94.7667,56.21,85,52,1.5,broken clouds
494,Ornskoldsvik,SE,63.2909,18.7153,37.22,87,55,17.27,broken clouds
495,Carutapera,BR,-1.195,-46.02,77.72,89,45,6.62,scattered clouds
496,Aleppo,SY,36.25,37.5,56.8,58,100,3.91,overcast clouds
497,Mehamn,NO,71.0357,27.8492,20.61,78,100,2.8,overcast clouds
498,Tanout,NE,14.9709,8.8879,77.56,18,0,9.55,clear sky
499,Zhuhai,CN,22.2769,113.5678,66.97,59,40,17.27,scattered clouds
500,Jaisalmer,IN,26.9147,70.9181,68.36,14,0,8.61,clear sky
501,Nanhai,CN,30.1282,111.7784,52.25,61,64,3.53,broken clouds
502,Englewood,US,39.6478,-104.9878,63.21,19,100,1.01,overcast clouds
503,Ranong,TH,9.9658,98.6348,78.13,85,100,9.53,overcast clouds
504,Hovd,MN,48.0056,91.6419,26.33,58,99,8.5,overcast clouds
505,Taybad,IR,34.74,60.7756,51.46,60,100,3.2,overcast clouds
506,Pingliang,CN,35.5392,106.6861,39.51,37,0,5.35,clear sky
507,Athens,GR,37.9795,23.7162,60.94,93,99,3.0,overcast clouds
508,Azul,AR,-36.777,-59.8585,64.04,24,15,6.51,few clouds
509,Sabha,LY,27.0377,14.4283,65.61,32,100,0.36,overcast clouds
510,San Juan Ixcoy,GT,15.5997,-91.4453,56.25,96,76,4.47,broken clouds
511,Boa Vista,BR,2.8197,-60.6733,84.18,70,0,1.14,clear sky
512,Abu Samrah,SY,35.3029,37.1841,56.98,54,89,6.35,overcast clouds
513,Yokadouma,CM,3.5167,15.05,70.21,78,63,0.74,broken clouds
514,Yaan,NG,7.3833,8.5667,77.77,75,64,6.4,broken clouds
515,Taber,CA,49.8167,-112.1518,33.28,60,100,11.79,overcast clouds
516,Torva,EE,58.0028,25.935,32.02,90,100,10.74,overcast clouds
517,Valparaiso,CL,-33.0393,-71.6273,60.48,82,51,7.74,broken clouds
518,Harer,ET,9.3094,42.1258,55.87,61,97,9.37,overcast clouds
519,Presidencia Roque Saenz Pena,AR,-26.7852,-60.4388,75.52,67,6,3.29,clear sky
520,Mitu,CO,1.1983,-70.1733,72.52,94,96,0.43,overcast clouds
521,Ganzhou,CN,28.8184,115.4327,49.64,55,1,2.33,clear sky
522,Talas,TR,38.6908,35.5538,41.67,87,75,0.0,broken clouds
523,Lianzhou,CN,24.7811,112.3825,53.42,63,28,2.62,scattered clouds
524,Nahrin,AF,36.0649,69.1334,44.53,40,67,2.53,broken clouds
525,Camacupa,AO,-12.0167,17.4833,62.02,77,99,2.1,overcast clouds
526,Oistins,BB,13.0667,-59.5333,80.69,78,20,13.8,few clouds
527,Jinka,ET,5.65,36.65,65.89,59,33,2.3,scattered clouds
528,Beloha,MG,-25.1667,45.05,69.33,95,100,8.97,overcast clouds
529,Djibo,BF,14.1022,-1.6306,79.14,17,0,9.22,clear sky
530,Norden,DE,53.6,7.2,44.94,97,100,7.61,overcast clouds
531,Bani Walid,LY,31.7566,13.9942,60.49,74,7,2.71,clear sky
532,Rosarito,MX,32.3333,-117.0333,68.23,75,77,2.66,broken clouds
533,Jieshi,CN,22.8134,115.8257,59.95,50,0,9.1,clear sky
534,Makushino,RU,55.2103,67.2442,14.09,92,97,12.97,overcast clouds
535,Altay,CN,47.8667,88.1167,30.24,93,100,4.43,light snow
536,Hamilton,US,39.1834,-84.5333,35.78,66,1,0.0,clear sky
537,Saint-Pierre,RE,-21.3393,55.4781,73.08,67,0,6.91,clear sky
538,Peniche,PT,39.3558,-9.3811,55.62,67,100,14.67,overcast clouds
539,Itirapina,BR,-22.2528,-47.8228,72.9,29,90,1.95,overcast clouds
540,Gomel,BY,52.4345,30.9754,25.43,90,97,5.35,overcast clouds
541,Nola,IT,40.922,14.5329,59.7,69,100,7.0,overcast clouds
542,Bereda,ES,43.2686,-7.5406,47.95,100,100,4.99,overcast clouds
543,Azuaga,ES,38.2667,-5.6833,36.97,90,41,4.88,scattered clouds
544,Atar,MR,20.5169,-13.0499,79.57,35,45,8.41,scattered clouds
545,Svetlyy,RU,54.675,20.1347,39.25,90,65,13.31,broken clouds
546,Umba,RU,66.6871,34.3429,23.58,94,100,5.03,light snow
547,Pitea,SE,65.3172,21.4794,33.1,87,82,15.03,broken clouds
548,Necochea,AR,-38.5473,-58.7368,69.04,29,0,12.84,clear sky
549,Blankenberge,BE,51.3131,3.1323,45.95,82,15,4.54,few clouds
550,Bambanglipuro,ID,-7.95,110.2833,80.31,81,99,5.08,overcast clouds
551,Craig,US,40.5153,-107.5464,46.99,35,100,15.37,overcast clouds
552,Nampula,MZ,-15.1165,39.2666,72.0,80,84,4.03,broken clouds
553,Doka,SD,13.5167,35.7667,75.87,49,5,11.65,clear sky
554,Nioki,CD,-2.7167,17.6833,70.29,99,96,2.17,light rain
555,Nador,MA,35.174,-2.9287,50.25,93,0,0.0,clear sky
556,Ljubuski,BA,43.1969,17.545,41.43,78,89,6.02,overcast clouds
557,Rocha,UY,-34.4833,-54.3333,47.95,86,0,4.9,clear sky
558,Aykhal,RU,66.0,111.5,-12.91,92,100,8.43,overcast clouds
559,Praia Da Vitoria,PT,38.7333,-27.0667,65.75,94,100,21.27,overcast clouds
560,Okakarara,NA,-20.5833,17.4333,65.08,16,0,6.02,clear sky
561,Kapasan,ID,-6.7773,111.3789,80.98,77,100,8.79,overcast clouds
562,Joshimath,IN,30.5667,79.5667,48.34,23,0,6.78,clear sky
563,Kochevo,RU,59.5994,54.3125,19.45,91,100,7.87,overcast clouds
564,Limenaria,GR,40.6261,24.5786,51.94,72,100,20.65,overcast clouds
565,Jackson,US,42.4165,-122.8345,47.05,70,27,3.38,scattered clouds
566,Itacare,BR,-14.2775,-38.9967,75.76,90,83,4.85,broken clouds
567,Saqqez,IR,36.2499,46.2735,37.92,85,6,4.76,clear sky
568,Dwarka,IN,22.2394,68.9678,76.17,60,66,8.32,broken clouds
569,Lebyazhye,RU,55.2689,66.4947,15.19,89,100,14.32,overcast clouds
570,Perbaungan,ID,3.5679,98.956,77.11,87,99,1.25,overcast clouds
571,Olsztyn,PL,53.7799,20.4942,37.36,94,29,7.81,scattered clouds
572,Sidhi,IN,24.4167,81.8833,56.82,35,5,2.19,clear sky
573,Qandala,SO,11.472,49.8728,79.0,58,100,2.3,overcast clouds
574,Uruacu,BR,-14.5247,-49.1408,72.23,92,100,2.89,overcast clouds
575,Barcelos,PT,41.5388,-8.6151,49.28,83,60,4.81,broken clouds
576,Cacapava Do Sul,BR,-30.5122,-53.4914,57.4,71,0,8.63,clear sky
577,Thinadhoo,MV,0.5333,72.9333,81.93,77,96,17.16,overcast clouds
578,Darlawn,IN,24.0167,92.9,57.15,80,0,2.77,clear sky
579,Chukhloma,RU,58.7525,42.6825,20.01,94,93,7.72,overcast clouds
580,Gorodovikovsk,RU,46.0878,41.9335,36.48,98,100,8.03,light rain
581,Novyy Urengoy,RU,66.0833,76.6333,8.42,95,100,9.86,overcast clouds
582,Lethem,GY,3.3803,-59.7968,79.23,75,68,4.74,broken clouds
583,Taos,US,36.4072,-105.5731,47.8,38,75,5.75,broken clouds
584,Fez,MA,34.0372,-4.9998,52.05,93,40,10.36,scattered clouds
585,Benguela,AO,-12.5763,13.4055,76.24,85,99,3.89,overcast clouds
586,Sibu,MY,2.3,111.8167,78.76,89,100,2.59,overcast clouds
587,Olinda,BR,-8.0089,-34.8553,82.13,69,20,6.91,few clouds
588,Nombre De Dios,MX,23.85,-104.2333,68.81,34,98,4.07,overcast clouds
589,Inirida,CO,3.8653,-67.9239,74.41,96,74,1.23,light rain
590,Ibra,OM,22.6906,58.5334,67.06,22,70,4.29,broken clouds
591,Vallenar,CL,-28.5708,-70.7581,63.72,56,99,3.98,overcast clouds
592,Zlotow,PL,53.3635,17.0408,42.24,80,100,10.89,overcast clouds
593,Sungaipenuh,ID,-2.0833,101.3833,71.82,58,100,2.01,overcast clouds
594,Sao Geraldo Do Araguaia,BR,-6.4006,-48.555,74.75,90,18,2.59,few clouds
595,Tezu,IN,27.9167,96.1667,62.85,75,72,2.17,broken clouds
596,Barsovo,RU,61.1667,73.1667,10.51,92,100,12.91,overcast clouds
597,Mahibadhoo,MV,3.7833,72.9667,81.63,70,97,16.78,overcast clouds
598,Bontang,ID,0.1333,117.5,80.82,83,100,4.88,overcast clouds
599,Upata,VE,8.0086,-62.3989,79.2,83,71,4.16,broken clouds
600,Huarmey,PE,-10.0681,-78.1522,66.96,82,100,8.03,overcast clouds
601,Myskhako,RU,44.6714,37.7433,38.98,81,100,12.75,overcast clouds
602,Shalya,RU,57.2471,58.7298,12.15,93,100,9.6,overcast clouds
603,Santa Isabel Do Rio Negro,BR,-0.4139,-65.0192,75.06,93,96,2.51,overcast clouds
604,Kuressaare,EE,58.2481,22.5039,42.94,88,20,8.99,few clouds
605,Calama,CL,-22.4667,-68.9333,56.32,17,78,4.47,broken clouds
606,Kavaratti,IN,10.5669,72.642,80.96,80,99,12.55,overcast clouds
607,Namibe,AO,-15.1961,12.1522,69.08,73,1,7.52,clear sky
608,Esmeralda,CU,21.8525,-78.1169,74.44,76,8,9.17,clear sky
609,Carndonagh,IE,55.25,-7.2667,47.59,79,100,11.59,overcast clouds
610,Baruun-Urt,MN,46.6806,113.2792,4.91,90,14,0.98,few clouds
611,Maridi,SS,4.9158,29.4742,67.98,48,99,2.26,overcast clouds
612,Tonantins,BR,-2.8731,-67.8022,75.06,97,100,2.06,overcast clouds
613,Emba,KZ,48.8264,58.1442,37.58,96,100,5.57,overcast clouds
614,Douglas,US,41.3,-96.167,61.9,42,1,8.01,clear sky
615,Plettenberg Bay,ZA,-34.0527,23.3716,57.74,80,85,3.65,overcast clouds
616,Maracaibo,VE,10.6317,-71.6406,77.36,89,100,6.13,overcast clouds
617,Mandalgovi,MN,45.7625,106.2708,23.04,32,97,10.29,overcast clouds
618,Marzuq,YE,14.4,46.4667,64.69,25,20,2.19,few clouds
619,Twentynine Palms,US,34.1356,-116.0542,69.94,17,19,4.0,few clouds
620,Mbuji-Mayi,CD,-6.15,23.6,69.01,97,100,0.36,light rain
621,Farafangana,MG,-22.8167,47.8333,72.72,88,81,9.4,broken clouds
622,Lodhran,PK,29.5405,71.6336,63.63,18,2,2.13,clear sky
623,Dimovo,BG,43.7417,22.7269,46.62,68,100,5.61,overcast clouds
624,Itapora,BR,-22.0799,-54.7874,78.69,50,99,6.42,overcast clouds
625,Piran,SI,45.5278,13.5706,46.11,62,2,6.91,clear sky
626,Oranjemund,NA,-28.55,16.4333,60.01,91,94,13.15,overcast clouds
627,Wanning,CN,18.8003,110.3967,69.71,74,58,15.21,broken clouds
628,Tamluk,IN,22.3,87.9167,71.58,46,0,7.92,clear sky
629,Japura,ID,-0.3167,102.35,77.72,91,98,1.25,overcast clouds
630,Dieppe,FR,49.75,1.1667,41.2,94,0,5.19,clear sky
631,Taunggyi,MM,20.7833,97.0333,58.86,81,5,1.28,clear sky
632,Ampanihy,MG,-24.7,44.75,70.29,92,67,10.02,broken clouds
633,Phuthaditjhaba,ZA,-28.5242,28.8158,48.54,89,99,0.94,overcast clouds
634,Pekan Nenas,MY,1.51,103.5141,78.78,77,100,1.66,overcast clouds
635,Weyburn,CA,49.6668,-103.8511,33.19,85,100,11.92,overcast clouds
636,Safranbolu,TR,41.2508,32.6942,49.21,95,100,3.33,overcast clouds
637,Chubbuck,US,42.9208,-112.4661,35.69,73,75,18.01,broken clouds
638,Andenes,NO,69.3143,16.1194,30.18,59,75,19.57,light snow
639,Arlit,NE,18.7369,7.3853,74.95,17,98,4.85,overcast clouds
640,Golkoy,TR,40.6875,37.6178,49.41,84,100,1.01,overcast clouds
641,Goderich,CA,43.7501,-81.7165,30.9,56,11,11.9,few clouds
642,Sao Felix Do Xingu,BR,-6.6447,-51.995,75.97,83,100,1.36,overcast clouds
643,Canandaigua,US,42.8742,-77.288,33.33,82,56,4.29,broken clouds
644,Zhigansk,RU,66.7697,123.3711,-37.3,100,48,2.84,scattered clouds
645,Ust-Tsilma,RU,65.441,52.1498,6.51,93,25,5.19,scattered clouds
646,Posse,BR,-14.0931,-46.3694,68.29,94,100,3.27,moderate rain
647,Junin,AR,-34.5838,-60.9433,67.41,22,0,8.95,clear sky
648,Teknaf,BD,20.8624,92.3058,71.6,65,5,3.36,clear sky
649,Dingle,PH,10.9995,122.6711,80.96,85,100,11.25,overcast clouds
650,Pallipattu,IN,13.3386,79.4449,72.9,95,97,2.15,overcast clouds
651,Maua,BR,-23.6678,-46.4614,74.35,66,19,6.38,few clouds
652,Rudnogorsk,RU,57.2639,103.7519,4.62,98,91,1.77,overcast clouds
653,Romitan,UZ,39.9343,64.3814,49.95,57,0,6.91,clear sky
654,Beidao,CN,34.5686,105.8933,40.41,46,0,0.49,clear sky
655,Bethanien,NA,-26.502,17.1583,64.81,51,91,4.68,overcast clouds
656,Tocopilla,CL,-22.092,-70.1979,64.56,64,6,4.03,clear sky
657,Bonaventure,CA,48.0457,-65.4926,29.34,71,100,13.4,overcast clouds
658,Jiangyou,CN,31.7667,104.7167,48.42,74,100,2.24,overcast clouds
659,Sidi Ali,DZ,36.0998,0.4206,53.82,86,100,4.76,overcast clouds
660,Iskateley,RU,67.6803,53.1512,17.15,95,100,8.84,overcast clouds
661,Kabarnet,KE,0.4919,35.743,56.66,65,0,3.8,clear sky
662,Morris,US,40.8334,-74.5329,34.21,54,1,5.01,clear sky
663,Podor,MR,16.6527,-14.9587,85.86,20,100,8.48,overcast clouds
664,Carmelo,UY,-33.9892,-58.2856,73.35,34,0,7.81,clear sky
665,Arsk,RU,56.0915,49.8778,8.38,95,26,7.9,scattered clouds
666,Udachnyy,RU,66.4167,112.4,-15.43,91,100,8.12,overcast clouds
667,Tripoli,LY,32.8752,13.1875,67.14,66,96,6.67,overcast clouds
668,Ndioum,SN,16.5129,-14.6471,86.58,19,100,8.46,overcast clouds
669,Shelabolikha,RU,53.4131,82.6167,27.86,87,94,12.77,overcast clouds
670,Barbastro,ES,42.0356,0.1269,45.73,83,100,2.86,overcast clouds
671,Moron,AR,-34.6534,-58.6198,69.93,70,0,5.55,clear sky
672,Amapa,BR,1.0,-52.0,74.46,77,100,3.22,overcast clouds
673,Bonavista,CA,48.6499,-53.1147,44.11,85,100,27.58,overcast clouds
674,Kropotkin,RU,45.4375,40.5756,37.94,96,100,6.8,overcast clouds
675,West Bay,KY,19.3667,-81.4167,80.67,68,40,3.0,scattered clouds
676,Ust-Ishim,RU,57.6935,71.1665,18.95,92,100,10.18,overcast clouds
677,Alghero,IT,40.5589,8.3181,53.69,87,0,6.91,clear sky
678,Clarence Town,AU,-32.5833,151.7833,85.33,55,100,2.35,overcast clouds
679,Gus-Zheleznyy,RU,55.0581,41.1656,17.53,93,100,5.17,overcast clouds
680,Kodinsk,RU,58.6881,99.1844,23.67,95,100,8.14,overcast clouds
681,Westport,US,41.1415,-73.3579,37.15,50,1,1.99,clear sky
682,Changping,CN,40.2186,116.2197,29.84,33,0,5.73,clear sky
683,Khandbari,NP,27.3747,87.2039,54.57,73,31,2.13,scattered clouds
684,Illapel,CL,-31.6308,-71.1653,62.6,75,0,3.27,clear sky
685,Sibolga,ID,1.7427,98.7792,79.07,78,100,1.25,overcast clouds
686,Nongpoh,IN,25.9,91.8833,62.17,67,0,3.53,clear sky
687,Nadym,RU,65.5333,72.5167,7.84,95,100,10.07,overcast clouds
688,Oswego,US,43.4501,-76.1497,28.65,84,92,6.42,overcast clouds
689,Pindushi,RU,62.9152,34.58,27.14,91,100,8.97,overcast clouds
690,Komsomolets,KZ,53.7453,62.0708,13.21,87,100,9.51,overcast clouds
691,Contai,IN,21.7786,87.7536,69.71,54,0,8.88,clear sky
692,Weinan,CN,34.5036,109.5089,46.94,38,0,4.79,clear sky
693,Marechal Candido Rondon,BR,-24.5561,-54.0567,70.25,44,100,1.16,overcast clouds
694,Gujranwala,PK,32.1617,74.1883,51.85,38,0,4.32,clear sky
695,Dutlwe,BW,-23.9833,23.9,67.96,33,0,8.08,clear sky
696,Gejiu,CN,23.306,103.1635,41.16,97,100,1.79,overcast clouds
697,Vinh Long,VN,10.25,105.9667,80.58,82,100,4.9,overcast clouds
698,Paka,MY,4.6374,103.4368,77.61,90,100,2.64,heavy intensity rain
699,Fallon,US,39.4735,-118.7774,49.28,33,20,13.8,few clouds
700,Yinchuan,CN,38.4681,106.2731,32.95,31,2,5.59,clear sky
701,Rudbar,AF,30.15,62.6,60.15,23,0,5.08,clear sky
702,Torres,BR,-29.3353,-49.7269,65.82,74,26,6.4,scattered clouds
703,Nyurba,RU,63.2842,118.3319,-24.45,98,11,3.29,few clouds
704,Bemidji,US,47.4736,-94.8803,35.37,85,1,0.0,clear sky
705,Uryupinsk,RU,50.8047,42.0138,17.62,67,6,5.53,clear sky
706,Quelimane,MZ,-17.8786,36.8883,76.62,92,24,1.81,few clouds
707,Acarau,BR,-2.8856,-40.12,80.64,78,95,14.72,overcast clouds
708,Durban,ZA,-29.8579,31.0292,66.02,65,80,5.99,broken clouds
709,Yar-Sale,RU,66.8333,70.8333,7.88,96,98,8.61,overcast clouds
710,Ulaanbaatar,MN,47.9077,106.8832,-5.67,77,13,0.0,few clouds
711,Esna,EG,25.2934,32.554,63.55,39,0,6.49,clear sky
712,Wageningen,NL,51.9667,5.6667,45.9,95,90,2.3,fog
713,Nha Trang,VN,12.25,109.1833,80.6,87,100,15.68,overcast clouds
714,Swan River,CA,52.1058,-101.2676,27.88,90,100,6.69,overcast clouds
715,Gogrial,SS,8.5332,28.1004,71.87,31,52,5.14,broken clouds
716,Chumphon,TH,10.3333,98.8333,72.7,92,100,8.32,overcast clouds
717,Nazarovo,RU,56.0064,90.3914,25.48,91,100,13.04,overcast clouds
718,Havoysund,NO,70.9963,24.6622,22.08,84,100,8.75,light snow
719,Dekar,BW,-21.5333,21.9333,67.93,22,0,8.14,clear sky
720,Tres Coracoes,BR,-21.6969,-45.2533,66.49,58,2,3.83,clear sky
721,Nalut,LY,30.3333,10.85,64.31,51,92,1.88,overcast clouds
722,Kuching,MY,1.55,110.3333,77.22,94,20,2.3,few clouds
723,Akonolinga,CM,3.7667,12.25,66.7,92,93,2.08,overcast clouds
724,Bras-Panon,RE,-20.9967,55.6782,73.06,80,74,2.28,broken clouds
725,San Clemente,US,33.427,-117.612,70.27,78,2,8.99,clear sky
726,Tiznit,MA,29.5833,-9.5,57.52,91,100,3.22,overcast clouds
727,Honghu,CN,29.8206,113.4621,50.99,37,0,5.68,clear sky
728,Sabang,ID,5.8933,95.3214,81.52,77,100,4.45,overcast clouds
729,Curup,ID,-3.4667,102.5333,71.1,76,100,2.08,overcast clouds
730,Trelew,AR,-43.249,-65.3051,74.46,36,96,24.14,overcast clouds
731,Gwanda,ZW,-20.9333,29.0,70.88,61,4,1.86,clear sky
732,Arona,ES,28.0996,-16.681,67.39,78,20,8.05,few clouds
733,Muhororo,UG,0.9381,30.7594,61.81,85,77,1.3,broken clouds
734,Askarovo,RU,53.3372,58.5089,11.35,67,40,6.71,scattered clouds
735,Port-Gentil,GA,-0.7193,8.7815,78.21,80,100,3.96,overcast clouds
736,Nanchang,CN,28.6833,115.8833,50.02,51,27,3.24,scattered clouds
737,Bac Lieu,VN,9.285,105.7244,80.73,80,100,14.36,overcast clouds
738,Ugoofaaru,MV,5.6667,73.0,81.18,71,99,15.05,overcast clouds
739,Juliaca,PE,-15.5,-70.1333,53.29,55,100,8.08,overcast clouds
740,Marawi,PH,7.9986,124.2928,74.64,70,82,3.18,broken clouds
741,Bazpur,IN,29.15,79.1167,56.32,70,0,2.55,clear sky
742,General Roca,AR,-39.0333,-67.5833,73.8,16,2,4.38,clear sky
743,Araruama,BR,-22.8728,-42.3431,69.19,91,62,5.03,broken clouds
744,Fort Morgan,US,40.2503,-103.8,63.81,16,1,0.0,clear sky
745,Mogzon,RU,51.7435,111.9606,7.16,90,100,1.95,overcast clouds
746,Malaya Vishera,RU,58.8454,32.2222,25.2,86,100,9.1,overcast clouds
747,Pimenta Bueno,BR,-11.6725,-61.1936,74.46,93,55,2.44,broken clouds
748,Yarada,IN,17.65,83.2667,77.92,85,43,7.2,scattered clouds
749,Canico,PT,32.6333,-16.85,69.01,87,75,10.36,broken clouds
750,Formosa,AR,-26.1775,-58.1781,78.78,83,0,6.91,clear sky
751,Watertown,US,42.3709,-71.1828,32.47,54,1,5.01,clear sky
752,Panama City,PA,8.9936,-79.5197,78.06,85,100,5.61,overcast clouds
753,Mabamba,TZ,-3.5983,30.5019,61.21,90,62,2.08,broken clouds
754,Isabela,PH,6.7085,121.9711,84.54,71,100,4.29,overcast clouds
755,Mariana,BR,-20.3778,-43.4161,67.17,88,100,1.95,overcast clouds
756,Orvieto,IT,42.7195,12.1116,51.12,79,92,1.99,overcast clouds
757,Piacabucu,BR,-10.4056,-36.4344,79.02,82,10,12.5,clear sky
758,Black River,JM,18.0264,-77.8487,74.98,77,5,4.72,clear sky
759,Snina,SK,48.9886,22.151,38.35,83,96,0.94,overcast clouds
760,Manali,IN,13.1667,80.2667,80.08,91,29,7.23,scattered clouds
761,Bukama,CD,-9.2,25.85,68.59,98,100,4.25,light rain
762,Oskarshamn,SE,57.2645,16.4484,38.97,93,16,10.63,few clouds
763,Dusti,TJ,37.3481,68.664,48.92,63,36,4.63,scattered clouds
764,Deloraine,AU,-41.5333,146.6667,68.79,77,100,0.63,overcast clouds
765,Muisne,EC,0.6,-80.0333,74.03,81,100,7.65,overcast clouds
766,Virginia Beach,US,36.8529,-75.978,43.02,46,20,16.11,few clouds
767,Srandakan,ID,-7.9386,110.2506,80.62,81,99,5.06,overcast clouds
768,Rypefjord,NO,70.6333,23.6667,21.67,93,75,3.44,light snow
769,Yabrud,SY,33.9674,36.6574,33.46,63,100,6.69,overcast clouds
770,George Town,MY,5.4112,100.3354,80.89,84,20,1.99,few clouds
771,Marfino,RU,55.7028,37.3822,20.95,84,0,6.71,clear sky
772,Tromso,NO,69.6496,18.957,29.05,69,75,1.01,light snow
773,Doha,QA,25.2867,51.5333,75.18,69,0,13.8,clear sky
774,Narsaq,GL,60.9167,-46.05,26.82,78,100,8.63,snow
775,Linxi,CN,39.7,118.4333,35.96,32,0,4.14,clear sky
776,Bull Savanna,JM,17.8868,-77.5902,75.15,76,36,1.48,scattered clouds
777,Krasnoarmeysk,RU,51.0239,45.6969,18.28,70,41,6.02,scattered clouds
778,Berlevag,NO,70.8578,29.0864,23.61,77,100,4.32,overcast clouds
779,Elat,IL,29.5581,34.9482,65.37,46,100,5.88,overcast clouds
780,Sedhiou,SN,12.7081,-15.5569,75.72,88,64,4.5,broken clouds
781,Donskoye,RU,45.4552,41.9741,37.53,99,100,8.46,light snow
782,Flin Flon,CA,54.7682,-101.865,4.26,88,100,10.96,overcast clouds
783,Veraval,IN,20.9,70.3667,77.25,53,70,8.93,broken clouds
784,Nicoya,CR,10.1483,-85.452,76.55,81,88,5.39,overcast clouds
785,Neka,IR,36.6508,53.299,54.93,65,0,5.59,clear sky
786,Gayny,RU,60.3071,54.3241,19.08,94,100,7.14,overcast clouds
787,Kidal,ML,18.4411,1.4078,76.84,29,83,10.8,broken clouds
788,Marsabit,KE,2.3284,37.9899,68.47,55,16,6.02,few clouds
789,Woodward,US,36.4337,-99.3904,65.43,30,1,24.16,clear sky
790,Sarkand,KZ,45.41,79.9186,34.63,63,69,7.0,broken clouds
791,Khudumelapye,BW,-23.8833,24.75,66.9,36,0,6.4,clear sky
792,Sete,FR,43.4018,3.6966,48.88,76,100,20.13,overcast clouds
793,Matara,LK,5.9485,80.5353,76.68,90,100,2.51,moderate rain
794,Vega De Alatorre,MX,20.0333,-96.6333,71.55,84,9,4.92,clear sky
795,Zimovniki,RU,47.1483,42.4633,36.32,99,100,7.18,overcast clouds
796,Sorland,NO,67.667,12.6934,36.88,69,100,30.98,overcast clouds
797,Saldus,LV,56.6636,22.4881,34.77,91,93,8.55,overcast clouds
798,Santa Vitoria Do Palmar,BR,-33.5189,-53.3681,54.82,72,0,5.26,clear sky
799,Tubuala,PA,9.5167,-79.0333,76.33,85,100,7.14,overcast clouds
800,Potiskum,NG,11.7091,11.0694,74.62,24,36,8.55,scattered clouds
801,Shumyachi,RU,53.8583,32.4242,21.56,62,3,7.14,clear sky
802,Villa Carlos Paz,AR,-31.4241,-64.4978,74.39,61,6,3.0,clear sky
803,Worland,US,44.0169,-107.9554,50.88,32,1,3.44,clear sky
804,Hauterive,FR,46.0901,3.4459,41.76,96,10,1.25,clear sky
805,Kadhan,PK,24.481,68.9859,68.27,69,25,7.67,scattered clouds
806,Sibiti,CG,-3.6819,13.3499,69.37,100,100,2.1,moderate rain
807,Monforte De Lemos,ES,42.5216,-7.5142,48.69,84,92,5.66,overcast clouds
808,Aksarka,RU,66.5606,67.7975,3.47,98,100,2.8,overcast clouds
809,Mokolo,CM,10.7398,13.8019,73.62,26,2,4.52,clear sky
810,Genc,TR,38.7507,40.5603,43.45,81,94,1.54,overcast clouds
811,Keti Bandar,PK,24.1447,67.4497,74.34,72,56,8.9,broken clouds
812,Asfi,MA,32.2994,-9.2372,61.52,65,78,7.2,broken clouds
813,Reconquista,AR,-29.15,-59.65,74.48,40,9,7.25,clear sky
814,Mangaluru,IN,12.8667,74.8833,76.06,94,40,0.0,scattered clouds
815,Hambantota,LK,6.1241,81.1185,75.54,100,40,4.61,light intensity shower rain
816,Gulu,UG,2.7746,32.299,66.61,61,83,3.11,broken clouds
817,Fatehabad,IN,29.5167,75.45,59.49,23,0,4.81,clear sky
818,Qaqortoq,GL,60.7167,-46.0333,27.1,72,100,9.84,light snow
819,Bilma,NE,18.6853,12.9164,74.3,21,0,6.78,clear sky
820,Saint-Francois,FR,46.4154,3.9054,32.68,92,4,2.3,clear sky
821,Salto De Agua,MX,17.6167,-92.3667,74.16,90,5,3.22,clear sky
822,Nacozari,MX,25.3366,-108.2574,77.11,68,73,8.66,broken clouds
823,Verkhnyaya Inta,RU,65.9811,60.3094,15.39,94,100,17.54,light snow
824,La Cruz,MX,23.9167,-106.9,74.57,71,41,8.39,scattered clouds
825,Lumberton,US,34.6182,-79.0086,38.21,37,1,5.61,clear sky
826,Sumbe,AO,-11.2061,13.8437,77.4,89,100,8.55,light rain
827,Niksar,TR,40.5917,36.9517,52.83,85,100,1.99,light rain
828,Veliki Preslav,BG,43.1667,26.8167,40.37,90,76,2.57,broken clouds
829,Zhezkazgan,KZ,47.8043,67.7144,36.52,99,100,9.62,overcast clouds
830,Omboue,GA,-1.5746,9.2618,74.3,89,100,2.64,moderate rain
831,Adeje,ES,28.1227,-16.726,71.56,77,20,8.05,few clouds
832,Rabo De Peixe,PT,37.8,-25.5833,67.28,99,75,13.8,broken clouds
833,Campos Altos,BR,-19.6961,-46.1714,67.28,62,18,0.09,few clouds
834,Mercedes,AR,-34.6515,-59.4307,67.84,31,0,9.4,clear sky
835,Abha,SA,18.2164,42.5053,52.05,30,0,4.61,clear sky
836,Malumfashi,NG,11.7853,7.6218,73.18,28,51,6.6,broken clouds
837,Kismayo,SO,-0.3582,42.5454,78.08,84,32,8.32,scattered clouds
838,Sao Raimundo Nonato,BR,-9.0153,-42.6994,79.23,65,96,2.42,heavy intensity rain
839,Banjar,ID,-8.19,114.9675,84.06,79,100,4.03,overcast clouds
